client_id,client_name,client_email,client_birth_date
ad40b79e-669e-4687-9818-1d4e125f4008,"Riley Adams",kristina92@example.org,1935-01-22
e0bddc43-9a2a-4ead-94e1-5b3752823615,"Dustin 'Young",ipope@example.com,1967-11-01
a9f19673-534d-4323-bb3e-59e1c9eef28e,"Hannah Carr",longaaron@example.org,2005-08-02
1683cbff-3e8e-4964-952a-d74c7dfea3ff,"Morgan Frederick",daviswilliam@example.net,1982-06-03
db6cc58a-57b5-4289-83f3-45d6e29db4bc,"James Scott",thorntonjerry@example.org,1955-12-04
f5d1c031-a086-482b-8d2c-2e5eec7d37e6,"Elijah Powell",amy06@example.net,1969-07-09
76de9baf-5199-43d3-b823-b62af4f8a3b5,"Dr. Steven J'ackson",jermainerobinson@example.org,1945-04-01
d3705151-07cb-485b-8ea1-9686866a1fc9,"Zachary Alexander",rjohnson@example.net,1935-08-28
1713b730-d6f4-4469-818e-0fec368aa372,"Gail Cummings",barroscar@example.net,1968-09-21
e24042ec-453c-49ff-b7ee-ae67a7c726ce,"Mr. William White",chill@example.org,1998-10-02
88ed92dd-2100-42c5-be18-283efda407d7,"Jade Ho'well",cgarcia@example.com,1946-07-22
c6d9c3b9-e979-48a3-8e96-6f1866d946e4,"Madison Smith",snydermelanie@example.com,2006-03-05
8e4962b0-94f2-41f7-9b75-d48c8b1ba39f,"Joshua Casey",halemarilyn@example.net,1969-12-09
2af4c39b-ee89-483e-9c49-7c030c24005b,"Martin Flowers",sarah01@example.org,1981-09-29
197222f4-deb6-49e2-be3f-d47bd9afd372,"Ry'an Gilbert",obates@example.net,1937-09-17
d33b43e8-95a2-4349-9199-132107ddadc6,"Tiffany Brown",nancy81@example.net,2005-11-09
693c7ac7-5186-408b-a7fa-141059f7a834,"David Wilson",ochoasharon@example.net,1981-10-22
df052085-2774-4024-9d68-785ef0a40398,"Cody Hensley",kristen90@example.net,1950-05-23
1a0d28a8-0951-48c6-aeb9-23530eca99ac,"James Bowman",jeremystevenson@example.net,1939-08-31
a5fe5e4d-4d59-4316-80e7-b20d535125e6,"Michael Hale",sharon42@example.net,1965-01-17
d5500f80-75fb-4fbf-ad49-28adfef758cd,"Daniel D'odson",hensleygina@example.org,1987-10-05
1b88f5ee-3ac7-4641-b970-72e1fc127b96,"Joseph Cunningham",burkemichael@example.net,1964-02-02
e1d8e487-80f2-4fdc-8a88-beba03a6d611,"Michael Wright",aaron39@example.com,1956-12-25
91834f7f-a131-4656-aaf9-1aaa545570de,"Anthony Salazar",brendan63@example.net,1942-11-13
36970e85-ee5a-4ea0-90ac-d3869d6e3a22,"Jennifer Edwards",vickijohnson@example.org,1957-03-20
be0222a9-2d57-443a-8266-c5911ad4472b,"Christopher Carter",christophergarner@example.com,1966-11-12
9085497a-448b-4d6d-99d7-3e1f373d2016,"Jennifer 'Blair",hcameron@example.org,1984-07-15
8b3a83a0-e87c-49a6-b9ff-dd64b86e530c,"Johnny Reeves",stephensryan@example.com,1945-08-02
7163e647-cbb8-474a-93c0-1be309adcb7d,"Cristina Pittman",wgreen@example.net,1986-07-05
404f337f-1b05-43c6-8056-5aadef8c12fa,"Joanna Padilla",jenkinsdestiny@example.org,1959-05-07
fef4da3f-0345-4cdf-9208-5fad775e0acd,"Eric Perry",heather90@example.com,2001-03-18
3e9a59e5-32b6-406e-8c10-bbb1fa793b53,"Nicole Phillips",leblancedward@example.org,1938-05-27
1ea24558-7492-4a4d-a568-087e1a47bae3,"Rebecca Villa",patricia52@example.net,1968-06-14
bc118f90-4710-4bf0-b743-bdfa847fc8a2,"Clifford A'rias",tammyhayes@example.com,1990-04-28
94fdd817-a64f-4a07-9e7b-a62e1d7a9be1,"Mary S'tewart",escott@example.net,1998-01-15
1c245945-9f1d-4dde-99e0-a7da490af4e8,"Adam Frazier",popejason@example.net,1955-04-19
e94d0dc2-74f1-4469-8b5f-b7111bd179b2,"Charles Conway",rrios@example.org,1953-10-29
77b19cb2-1e8d-4fc3-b362-c93ccf213f93,"Brandon Galloway",michaelblair@example.com,1936-05-17
75866875-5067-4902-9900-dbe1d485e928,"Bianca Weaver",gutierrezwilliam@example.com,1984-03-06
da9046b2-9bca-45c8-9e15-8ff7ffbf225e,"Jeffrey Jackson",wparker@example.net,1996-06-28
6789fb7f-f2fc-4029-8268-7f99bb408a75,"Nathan Rio's",jwagner@example.net,1990-08-08
c9c04b89-5460-4696-b5a2-ddc148fae08b,"Kelly Browning",zcantu@example.org,1945-09-26
a7266ca6-4244-42f9-921e-0c5e11279e95,"Adam C'ampbell",youngfrederick@example.net,1953-01-12
15b4b07b-fb0e-440a-b4a9-e14ff29acac5,"Tiffan'y Caldwell",qbanks@example.com,1957-02-13
a234ce41-8284-42a2-b15e-12fe725ffaa9,"Ch'eryl Peterson",samanthagilbert@example.com,1940-05-13
1929830a-0533-4de7-9141-1f8d0e178ed5,"Erika Aguilar",zgarcia@example.com,1965-07-10
9042c0dc-933f-450d-a955-61fb1606d760,"Tim'othy Walker III",jacquelineterrell@example.com,1969-05-24
e70e8a65-2923-440b-98e7-b4fb1ab8e246,"Joseph Parker",rachelmejia@example.com,1981-02-26
49a2ea14-a989-4d4f-8ffd-c3b2daef7c42,"William Thompson",amandamay@example.com,1954-12-29
e1328cb5-8f15-496a-8239-cfdc48bd45cf,"Devin Hamilton",david60@example.com,1935-07-10
9371bf39-4e8f-4cd8-927e-b11ac4449fbd,"William Torres",garyhunter@example.org,1978-01-23
bc4e005c-37ec-418e-8da9-1106c68678cb,"Ana Varga's",bautistakenneth@example.org,1992-01-03
ed555901-d3c9-4efc-9825-5da48aa40c09,"Timoth'y Kennedy",pturner@example.net,1951-08-18
453ea7f2-5e62-45dc-826b-eb6c9d98c188,"Ian Hall",clarkekristine@example.net,1955-10-04
65fb272c-cf7e-4a82-8881-2ed5be516047,"William Mendoza",michelle94@example.com,1946-12-31
b92c7283-cc3d-4c52-973c-31ce319b4f9c,"William Roberts",lfreeman@example.net,1955-11-24
d43f1e7d-a8c9-4678-981f-82a88e0936b5,"Chase Cuevas",morajames@example.org,1968-11-02
b8a4168d-d8cc-4c35-8f90-e41d9acb2f29,"Lori Johnson",schroederjuan@example.org,2002-05-30
b5aea2f6-ca5b-4e5c-a62f-dcaaaf7b2433,"Anna Ward",psimmons@example.com,1998-03-01
8375b30f-a565-4048-8a32-b2a78981518a,"Travis Morris",patricia25@example.org,1937-10-11
494d8333-7e34-4212-b8d0-fe61d102d21a,"Andrew Wiggins",charles11@example.org,1969-11-09
c657d66a-9089-4c8b-8fae-1e86642c45af,"John Stanton",jacob80@example.com,1977-01-14
0f0ea346-b584-4562-8dc8-e3d1fce69052,"Susan Lewis",knightdavid@example.org,2005-06-16
a705493d-1287-42bf-9d62-0774f9533ce3,"Sean 'Braun",joseph27@example.com,1973-01-31
e7ba4bdb-fa5d-4f4c-9409-eca9c654a1eb,"Jennifer Davis",ricejulia@example.net,1992-09-23
bcb9434c-cf6e-4a43-a2ef-af891adeb4a6,"Melissa Williamson",rossjeffery@example.net,1953-10-30
ca8acf32-f09e-4bf3-801a-fa102135c4d3,"Andrew Fernandez",millerjohn@example.net,1939-07-20
56854129-a7b8-429e-a9b5-6db93d11fc94,"Sherry Baker",amandatran@example.org,1962-02-17
7375515d-3bb5-4280-b12e-1a14beba732e,"Allison Burke",gardnertaylor@example.net,1947-12-14
ea4b268d-acd2-4e60-ad72-05b3d8a5eb88,"David Williams",ellisjordan@example.net,1959-01-03
8078b6d0-ce59-4a31-985e-f2440749eb09,"Brandi Gonzales",derrickyoder@example.org,1946-09-24
b98cbbc9-4963-4c64-9615-cbfa607f3e30,"Michael Tucker",tammyreed@example.org,1996-03-29
95bbba2a-c4e8-4498-bf8b-e644ac020fde,"David Sweeney",lmurphy@example.net,1976-08-26
3467de0e-44b7-4480-88bc-4aea79f74b65,"Kevin William's",walkertimothy@example.net,1965-09-05
bff27162-0c62-43f3-b5d2-fa7e790a20e6,"Sierra Johnson",wheelermegan@example.com,2003-04-15
67af897a-3bf0-4f90-8c50-9580decc9f69,"Patrick T'homas",turnerpatrick@example.org,2003-07-06
6dcbb785-29a3-4b6a-bd04-56f8c289b2c6,"Wi'lliam Miranda",morenotravis@example.com,1991-07-20
d78c8ca6-f4e9-42e7-88b3-245304c559cc,"Eric Fra'nk",fieldsemily@example.org,2005-07-15
7b708a96-bb5c-4d73-8405-43415d378ed5,"William Meyer's Jr.",fmiller@example.com,1982-12-10
27e042e7-7086-4058-9c2a-cd93e40a68f5,"James Harris",awalters@example.com,1990-08-15
193cdf6c-fee5-41c4-9e35-768d5d0663b3,"Margaret Brown",gonzalezbrian@example.net,1993-09-17
d1cf1f03-44a8-4ce5-80e3-3c969babb186,"Shane Edw'ards",iwilson@example.net,2001-02-08
0d87fd7d-01fa-41ad-bf0d-324ae2709567,"Nicole Blair",bryanhamilton@example.com,1973-07-20
96cd68ef-9f79-4a34-b8d6-490498c9dfb4,"Kristin Myers",leah09@example.com,1947-09-08
1a7a78b9-0e11-4e29-9024-9da2662fc111,"Jeffrey Vasquez",benjaminestes@example.com,1963-02-10
72407f6d-b044-464c-b78f-8ca8aa823299,"Katie Val'enzuela",oliverronald@example.net,1942-12-04
6babb862-71b2-474d-bcfa-4f7ee09195ad,"Benjamin Schmidt",katherine29@example.com,1989-10-13
d48f153b-9cc7-4ca7-9627-061948b6f05e,"James Hart",hillmichael@example.org,1941-11-29
c977a9d4-dee4-431f-b3df-f30faea5f0ab,"Jay Schroeder",john33@example.org,1958-10-28
f0e03cc5-6511-44c0-b205-4c72399e152e,"Lynn Mullen",nmclaughlin@example.org,1990-01-25
60912188-6ec2-4af4-b626-58781dd71204,"Scott 'Burns",adkinsjason@example.net,1945-06-14
cb7c424d-980c-449d-9515-cf28ff48654c,"Veronica Yang",ariaskenneth@example.com,1958-07-29
56e4bc51-9f8d-44b3-9e4d-a72930e792fc,"Jill Carr",wilsonjennifer@example.com,1957-12-30
bf6a0126-7a3a-4728-b589-8b7bc2847d35,"Roberta Frederick",benjamin28@example.com,1970-10-29
47c4af01-4cea-4728-835e-515fc286ce4d,"Stacey R'eynolds",smithchristopher@example.com,1982-05-31
a89ec675-0f29-4cb4-9cdf-bbd21749cc89,"Lori Stewart",umiller@example.com,2006-06-08
dff2fccc-ac78-436b-aeea-e8a9afa04466,"James' Owens",michaelsutton@example.com,1987-01-02
ad0339ac-3731-4404-91a3-e7801c354805,"Michelle Peterson",ryanhudson@example.net,1949-10-31
dc290ce2-ab54-48f3-b416-1da55eaa8c2b,"Jess'ica Lee",linda85@example.org,1953-10-24
7b2c7b05-bc7d-4594-b165-828c3cb9aee6,"Matthe'w Jones",kimberlymarquez@example.net,2001-05-16
14067c8d-e019-443f-b07b-46ea4c40397f,"Lau'ren Moon",kennethsimpson@example.net,2005-11-09
1bbb6b50-409f-47a3-ab16-d2bf2b224971,"Mr'. Richard Morrow DVM",pruittrhonda@example.org,1943-09-14
e061d80a-a663-44af-afc5-72795f6bdd7b,"Heather Whitaker",brandon44@example.org,2000-04-13
f03e2a3f-d6e5-4361-b912-618ff54301bd,"Ellen Mata",arthur63@example.com,1968-09-10
b12f4f1b-2aff-47c9-b193-2155ada5deda,"Whitney Brooks",ethompson@example.org,1992-10-16
55acee78-e9af-4b84-9acd-8e52b6b9728d,"Carl Randall",wayne91@example.org,1952-02-28
9fe7236a-4fe6-4807-9b1b-8cdc9b0eb5b1,"Adam Santana",harrisjason@example.net,2005-01-10
b5a71811-92d2-40ee-9c81-118d743b01ba,"Andrew Briggs",chambersbenjamin@example.com,1934-08-21
71cb90ef-b0ef-4ff4-9ee1-e9b5f91c85a3,"Jeffrey Harmon",lisahouse@example.com,1934-06-23
c3901009-eb58-485b-9c4d-a2a2a89ee5d2,"Ni'cholas Wilson",ehoward@example.org,1980-08-31
f418519e-0e93-4c98-aead-4821dd104a25,"Samantha Wheeler",andrewschroeder@example.org,1961-02-24
35d047bb-00e0-4825-8752-e02829425698,"Christop'her Ray",morganaustin@example.org,1960-03-01
d7af6f43-d814-4d0a-be0b-6722a4c6ea21,"A'dam Adams",lancechristensen@example.net,1945-02-02
d97cc464-95f6-4cfd-9d40-34108eeaa2b1,"Joseph Dalton",summer70@example.net,1999-01-28
1ef23c12-c1d6-4bb9-a29d-387060cdf8fc,"Joshua Young",fwaters@example.net,1968-05-19
d30a5f69-5b6c-46fe-aa3b-60a7f0f4c753,"Kathleen Deleon",terricampbell@example.org,1975-01-22
488468ab-f1c8-4e63-8e13-30bd57ddd9fe,"Rebec'ca Davis",cunninghambenjamin@example.net,1999-08-30
f7cbc54f-2973-4d26-a6be-d9b7c9d01a96,"Joanna Rivers",dnorman@example.org,1961-08-10
b8f872dc-58dd-437d-a76c-ecf41ec59283,"Jennifer Collins",ybrown@example.com,1990-09-13
f484da3e-53a1-4e46-9a2c-145b949ae653,"Angela' Green",yjames@example.org,1948-03-06
0ee2a566-8c57-47d8-9b02-865b129c1b87,"Donna Cole",cgarcia@example.org,1936-06-24
cab31b19-0994-48c8-a8c5-31afd027b0d1,"Courtney Morris",ewhite@example.net,1966-01-19
f5744069-a5a3-49b5-b77c-b8c8fc2818d3,"Dennis Winters",melinda95@example.org,1974-06-29
345ea166-8301-47ac-acab-b78beaedadca,"Jaime Gonzalez",nramirez@example.com,1963-04-09
92e8b2a2-e805-4bdf-b5de-db97ae0eddfe,"Tammy Hernandez",mgonzales@example.net,1972-12-27
754c4cac-19e0-4d2d-a860-3a0276632b2f,"Elizabeth Robinson",qholland@example.com,2005-11-02
e5b3aa15-14c0-486b-92b8-59a69d9f6456,"Andrew Cortez",benjaminhuerta@example.net,1999-10-08
61ecb22b-6b71-4ec6-a6b7-393a8a08707e,"Alex 'Butler",gmoore@example.com,1974-01-21
f41391a9-a655-434e-afa6-f3d0f304f4ad,"Christopher Jarvis",harringtonaaron@example.org,1953-09-04
9c7eaabc-b7dc-43c8-bc89-2ff51ea3f155,"Robert Burns",fquinn@example.net,1963-12-16
13e3fecd-4d76-4c96-8f3c-35a127a2647d,"Erica Gillespie",stevenhudson@example.com,1942-08-28
7e1bee26-ff77-4422-ac54-5cfb8a876680,"Lori Marshall",dustin20@example.net,1998-12-31
9b57434f-f1e8-4d3b-81b3-29213b27e6ba,"Aimee Berg",derrickcoleman@example.com,1973-12-12
c57047e1-1fdd-4db4-b7bb-1ef46aa6db5b,"Ma'rcus Hughes",hubbardaaron@example.net,1967-03-17
c7867963-fc9e-482e-8df0-2c27cb5ba2f2,"Hunter Wright",smithalan@example.com,1985-01-25
9a200eba-6ecc-4ab2-b0e3-782d5a90af42,"Scott Franco",wilcoxmelissa@example.com,1949-05-08
79ccab8c-27cf-426f-b4f0-3613297c6541,"Jennifer Pearson",youngmichael@example.net,1962-07-22
a9db38d1-9a2f-4935-8daf-182360bb9381,"Dana Rodriguez",lovebarry@example.org,1936-10-17
43243ca1-c35c-4b67-9122-4b9d0c5dfba9,"Melissa Miller",thompsonpatrick@example.com,1975-01-08
84bb8f5e-f531-4a1c-8599-2aba43ecd574,"William Stephens",andersonrebecca@example.net,1941-05-31
db89c00f-fa3f-4658-9f29-25d39c70fc85,"El'aine Chavez",jefferyjones@example.net,1998-09-05
fea38866-63cd-49c8-830e-d9f91b69861c,"Steven Watkins",dross@example.org,1977-12-10
a62a9ec0-0e03-48bd-a9d4-4ec736d72de1,"Timothy Navarro",greenebrian@example.com,1981-06-07
314efdd0-8674-429c-a9a7-ea33311150a0,"Jason Smith",christopher70@example.net,1946-03-18
0f35dc04-abde-4d31-99af-62e3f97b422c,"James Cooper",matthewcarter@example.org,1935-08-29
d41c2545-2ad9-4d82-8c7d-37acfbd0b6fe,"Richard Allison",michaelyates@example.org,1947-10-07
de9e299f-af85-4556-84f4-367c5878e39d,"Al'yssa Olson",patriciamatthews@example.com,1983-10-17
d31e850d-49cd-4de9-87cc-64b537d3fb2e,"Ch'ristopher Bush",ashley31@example.net,1950-03-26
feb8b54f-3ae7-4590-b3ed-35494a9e7ad8,"Katherine Brown",mclaughlineugene@example.com,1956-09-03
26021dd2-15d5-489d-a0b8-104e188ade42,"Troy Johnson",wphillips@example.net,2005-11-07
